{"cameraMode":{"drawMode":0,"name":"Shaded","section":"Shading Mode"},"sceneLighting":true,"audioPlay":false,"sceneViewState":{"m_AlwaysRefresh":false,"showFog":true,"showSkybox":true,"showFlares":true,"showImageEffects":true,"showParticleSystems":true,"showVisualEffectGraphs":true,"m_FxEnabled":true},"in2DMode":false,"pivot":{"x":0.28666239976882937,"y":-0.2783637046813965,"z":9.324605941772461},"rotation":{"x":-0.10213194042444229,"y":0.01762622408568859,"z":-0.0019780751317739488,"w":-0.9948017001152039},"size":10.08491325378418,"orthographic":false}